neuron_id,neuron_type,neuron_layer,neuron_type_broad,neuron_type_specific,segment_id,soma_segment_id_base_volume,soma_loc_x,soma_loc_y,soma_loc_z,soma_radius,CD
193,IN,DLIN,DLIN1,DLIN1_l,14216498,139771271,10476,10787,1616,4,2
619,IN,DLIN,DLIN1,DLIN1_l,154981745,154993791,16221,23287,1882,4.5,1
956,IN,DLIN,DLIN1,DLIN1_l,15153309,15153309,3066,13418,622,4.5,1
985,IN,DLIN,DLIN1,DLIN1_l,18980313,149326894,5837,18757,1671,4.5,2
1068,IN,DLIN,DLIN1,DLIN1_l,203376954,235856175,19102,19450,2708,4.5,2
1070,IN,DLIN,DLIN1,DLIN1_l,122116433,193317120,19253,19480,2549,4,2
1139,IN,DLIN,DLIN1,DLIN1_l,19027165,106367109,11772,18633,1579,4.5,2
1433,IN,DLIN,DLIN1,DLIN1_l,22411201,232940197,10719,17282,2606,4.5,1
1445,IN,DLIN,DLIN1,DLIN1_l,30281443,193071936,10596,17933,3493,5,2
1508,IN,DLIN,DLIN1,DLIN1_l,29389701,235856945,18862,19394,2854,4.5,1
1512,IN,DLIN,DLIN1,DLIN1_l,27024861,190412754,12352,17715,2098,5,2
1521,IN,DLIN,DLIN1,DLIN1_l,22294003,105920316,10992,18963,2063,5,2
2303,IN,DLIN,DLIN1,DLIN1_l,5669536,96670829,10024,10031,1636,5,1
2309,IN,DLIN,DLIN1,DLIN1_l,1569054,138694778,10948,9544,1925,4,2
2819,IN,DLIN,DLIN1,DLIN1_l,14004232,192017738,13716,17493,3252,4.5,2
2823,IN,DLIN,DLIN1,DLIN1_l,16568285,197065151,12541,18309,3246,4.5,2
2882,IN,DLIN,DLIN1,DLIN1_l,14437586,101881575,3714,14642,1497,4.5,2
3129,IN,DLIN,DLIN1,DLIN1_l,28383741,355111103,6941,12919,3804,5,3
3326,IN,DLIN,DLIN1,DLIN1_l,18816747,103345678,18508,15362,1476,4,3
3566,IN,DLIN,DLIN1,DLIN1_l,11617045,179524389,7073,8726,2580,4.5,2
3674,IN,DLIN,DLIN1,DLIN1_l,15022695,57046501,19419,12267,683,4,3
87,IN,DLIN,DLIN1,DLIN1_r,5925992,5926016,681,5635,486,5,3
787,IN,DLIN,DLIN1,DLIN1_r,16359280,60912101,2218,16099,838,5,1
865,IN,DLIN,DLIN1,DLIN1_r,22717287,186409327,2448,13926,2312,4,2
932,IN,DLIN,DLIN1,DLIN1_r,14275030,102233149,16951,14798,1344,4,1
1586,IN,DLIN,DLIN1,DLIN1_r,1325500,9332118,6867,9967,331,4.5,2
1602,IN,DLIN,DLIN1,DLIN1_r,7751400,9930990,9029,8987,538,5,2
1721,IN,DLIN,DLIN1,DLIN1_r,13724994,55102823,7040,10843,710,5,3
1805,IN,DLIN,DLIN1,DLIN1_r,6055417,132173470,9002,4409,1937,4.5,2
1883,IN,DLIN,DLIN1,DLIN1_r,8572027,175460283,16350,4914,2246,5,3
1893,IN,DLIN,DLIN1,DLIN1_r,3149758,92504386,15756,5472,1877,4.5,2
1919,IN,DLIN,DLIN1,DLIN1_r,19684999,175906167,11999,4750,2528,4.5,1
2216,IN,DLIN,DLIN1,DLIN1_r,14170258,178482866,1835,7636,2558,5.5,2
2317,IN,DLIN,DLIN1,DLIN1_r,12809659,179127119,8891,11561,2196,5,2
2673,IN,DLIN,DLIN1,DLIN1_r,12774539,225515995,14984,11062,2432,5.5,2
2727,IN,DLIN,DLIN1,DLIN1_r,14238340,185494711,9429,13413,2918,4.5,2
2740,IN,DLIN,DLIN1,DLIN1_r,11791449,187275934,15114,14425,2351,4.5,2
2785,IN,DLIN,DLIN1,DLIN1_r,15469681,185189874,17499,12575,2690,5,2
2829,IN,DLIN,DLIN1,DLIN1_r,20327975,229745353,12271,13429,3270,5,2
3212,IN,DLIN,DLIN1,DLIN1_r,15421437,272153681,6312,14802,2991,4.5,2
3213,IN,DLIN,DLIN1,DLIN1_r,16954672,146681710,5658,14971,3028,4,1
3608,IN,DLIN,DLIN1,DLIN1_r,12788508,173153747,10547,2487,2285,5,3
88,IN,DLIN,DLIN1,DLIN1_s,1628714,3245017,726,4295,371,5,3
246,IN,DLIN,DLIN1,DLIN1_s,4604671,8372288,12008,7375,211,4.5,1
635,IN,DLIN,DLIN1,DLIN1_s,15491082,62854515,14800,17534,653,4.5,3
789,IN,DLIN,DLIN1,DLIN1_s,19954603,62515938,2051,17416,790,5.5,3
1143,IN,DLIN,DLIN1,DLIN1_s,15502788,103650602,8940,16837,1710,5,2
1403,IN,DLIN,DLIN1,DLIN1_s,25164384,193692562,4150,17513,3575,5,3
1411,IN,DLIN,DLIN1,DLIN1_s,21264225,190917947,8797,20534,3588,5,3
1447,IN,DLIN,DLIN1,DLIN1_s,161504510,318603417,11391,17546,3635,5,3
2245,IN,DLIN,DLIN1,DLIN1_s,17832875,185905949,4212,13428,3328,5,2
2422,IN,DLIN,DLIN1,DLIN1_s,22189303,94377646,4644,10440,1391,5.5,3
2663,IN,DLIN,DLIN1,DLIN1_s,10622160,140451036,16100,11182,1820,4,2
2699,IN,DLIN,DLIN1,DLIN1_s,20656606,183375730,10143,11591,2171,5,2
2757,IN,DLIN,DLIN1,DLIN1_s,19671181,185098526,13729,12982,2766,4.5,2
2768,IN,DLIN,DLIN1,DLIN1_s,9624841,188962022,16244,15275,2796,4.5,2
2783,IN,DLIN,DLIN1,DLIN1_s,19776524,190976393,12353,17964,2279,5,3
2951,IN,DLIN,DLIN1,DLIN1_s,26968361,174546465,1952,4208,1990,4,2
3177,IN,DLIN,DLIN1,DLIN1_s,2423824,219393730,4585,7197,3743,5,3
3252,IN,DLIN,DLIN1,DLIN1_s,9952717,179560153,6100,8313,2915,5.5,2
3347,IN,DLIN,DLIN1,DLIN1_s,16579969,195354673,15167,21211,2376,5.5,2
55,IN,DLIN,DLIN2,DLIN2_c,728927,3408033,7142,3286,277,4.5,2
126,IN,DLIN,DLIN2,DLIN2_c,925676,47540649,6231,4731,931,5.5,2
186,IN,DLIN,DLIN2,DLIN2_c,2833741,3899337,5281,4721,280,5,3
187,IN,DLIN,DLIN2,DLIN2_c,4967143,5492809,4753,5205,305,4.5,3
195,IN,DLIN,DLIN2,DLIN2_c,7259603,137569853,9364,8788,1601,5,2
261,IN,DLIN,DLIN2,DLIN2_c,11521699,11533439,9119,10012,35,5,3
672,IN,DLIN,DLIN2,DLIN2_c,13512784,13512784,2309,12003,349,5.5,3
686,IN,DLIN,DLIN2,DLIN2_c,11147563,14660953,5032,12886,549,5.5,2
719,IN,DLIN,DLIN2,DLIN2_c,8221627,96658328,10273,9939,1117,5.5,2
818,IN,DLIN,DLIN2,DLIN2_c,16193686,141118041,591,11648,1965,4.5,3
908,IN,DLIN,DLIN2,DLIN2_c,15106144,18607658,11717,15857,594,5,2
1094,IN,DLIN,DLIN2,DLIN2_c,6570042,179487509,4546,11254,2546,5,2
1185,IN,DLIN,DLIN2,DLIN2_c,12741861,99797927,6566,12592,1276,5.5,2
1410,IN,DLIN,DLIN2,DLIN2_c,15022719,194196432,7962,20476,3502,4.5,1
1435,IN,DLIN,DLIN2,DLIN2_c,10549864,187239770,13542,17227,2799,5,1
1444,IN,DLIN,DLIN2,DLIN2_c,7588237,318063922,11493,17496,3399,5,2
1556,IN,DLIN,DLIN2,DLIN2_c,10680689,95887518,2685,13466,1634,5,1
1745,IN,DLIN,DLIN2,DLIN2_c,1533927,51087305,16934,6997,1164,4.5,2
1784,IN,DLIN,DLIN2,DLIN2_c,11218975,90255764,10283,5717,1434,5.5,3
1806,IN,DLIN,DLIN2,DLIN2_c,4496320,175249083,8306,4645,1986,5,3
1819,IN,DLIN,DLIN2,DLIN2_c,6055388,172005658,7701,1975,1994,4.5,2
1983,IN,DLIN,DLIN2,DLIN2_c,1815149,129385361,5290,1964,1575,5,3
2021,IN,DLIN,DLIN2,DLIN2_c,6323166,92292284,7387,6640,1482,5,2
2034,IN,DLIN,DLIN2,DLIN2_c,8255908,94445492,7190,9943,1828,5.5,2
2097,IN,DLIN,DLIN2,DLIN2_c,2881374,178891715,2852,4838,3155,5.5,2
2098,IN,DLIN,DLIN2,DLIN2_c,667532,261837499,3505,5923,2912,5.5,2
2162,IN,DLIN,DLIN2,DLIN2_c,17645582,264648326,7796,8558,2976,5.5,2
2195,IN,DLIN,DLIN2,DLIN2_c,7073321,182871819,4855,12456,2524,5,2
2205,IN,DLIN,DLIN2,DLIN2_c,13536970,176819034,5683,9161,3055,5.5,3
2239,IN,DLIN,DLIN2,DLIN2_c,4449455,174183392,8072,2951,2470,5,2
2281,IN,DLIN,DLIN2,DLIN2_c,5117505,49249596,9750,5706,1688,4.5,2
2319,IN,DLIN,DLIN2,DLIN2_c,9753628,182240119,7946,10616,2215,5,1
2324,IN,DLIN,DLIN2,DLIN2_c,833629,181689449,7372,10038,2112,5,2
2334,IN,DLIN,DLIN2,DLIN2_c,13654068,224228002,6797,9987,2501,5,1
2367,IN,DLIN,DLIN2,DLIN2_c,6369752,180239267,9244,9507,2176,4.5,2
2425,IN,DLIN,DLIN2,DLIN2_c,6849866,99201966,4250,12526,1329,5,2
2429,IN,DLIN,DLIN2,DLIN2_c,14027778,100791828,3110,14444,1403,4.5,2
2432,IN,DLIN,DLIN2,DLIN2_c,13477082,100792707,3124,13719,1465,4.5,1
2437,IN,DLIN,DLIN2,DLIN2_c,8090998,185354022,3372,13268,2022,5,2
2632,IN,DLIN,DLIN2,DLIN2_c,1317295,1317295,12339,3884,1949,5.5,2
2726,IN,DLIN,DLIN2,DLIN2_c,4671903,185085926,9965,13909,2855,4.5,2
2865,IN,DLIN,DLIN2,DLIN2_c,14273316,101553720,12065,14199,1250,4.5,2
2880,IN,DLIN,DLIN2,DLIN2_c,15702956,142838693,4555,13457,1573,5.5,1
3067,IN,DLIN,DLIN2,DLIN2_c,11136807,181842690,13062,9934,3085,5.5,2
3140,IN,DLIN,DLIN2,DLIN2_c,11041804,270080692,9760,12815,2996,4.5,2
3205,IN,DLIN,DLIN2,DLIN2_c,16814176,226383827,6864,11726,2879,5.5,3
3224,IN,DLIN,DLIN2,DLIN2_c,18571526,268922072,6676,11829,3247,4.5,2
3234,IN,DLIN,DLIN2,DLIN2_c,7120932,180518117,4349,8731,3201,4.5,3
3505,IN,DLIN,DLIN2,DLIN2_c,3023003,103006517,7429,2710,3247,5.5,2
3571,IN,DLIN,DLIN2,DLIN2_c,925258,179581633,9212,8549,2012,5,2
3572,IN,DLIN,DLIN2,DLIN2_c,5550089,137582476,9401,8999,1852,4.5,3
3573,IN,DLIN,DLIN2,DLIN2_c,4801623,136505123,9147,8081,1761,5,2
3689,IN,DLIN,DLIN2,DLIN2_c,8290364,141655989,431,12481,1646,5,3
93,IN,DLIN,DLIN2,DLIN2_f,1616795,45314140,3251,2962,659,4.5,3
106,IN,DLIN,DLIN2,DLIN2_f,704059,132581161,3593,4488,1542,5,2
222,IN,DLIN,DLIN2,DLIN2_f,10573492,15762363,8316,9972,1935,5,1
1188,IN,DLIN,DLIN2,DLIN2_f,15926634,185460495,6972,13474,2236,4.5,2
1977,IN,DLIN,DLIN2,DLIN2_f,18162468,85289090,8145,1170,1406,4.5,3
2022,IN,DLIN,DLIN2,DLIN2_f,12624705,90735551,7934,7196,1498,5,2
2139,IN,DLIN,DLIN2,DLIN2_f,6521941,176796049,6539,7811,3189,4.5,2
2181,IN,DLIN,DLIN2,DLIN2_f,1489180,270573056,7488,13449,3022,5,1
2314,IN,DLIN,DLIN2,DLIN2_f,7904103,182836626,9962,10911,2029,5,1
2364,IN,DLIN,DLIN2,DLIN2_f,3736046,179570456,8249,7957,2150,5,1
2414,IN,DLIN,DLIN2,DLIN2_f,5070021,50807412,7288,7189,990,4.5,2
2427,IN,DLIN,DLIN2,DLIN2_f,5809471,101342553,3966,14035,1237,5,1
2523,IN,DLIN,DLIN2,DLIN2_f,11392938,95910414,2023,9674,1479,5,3
2526,IN,DLIN,DLIN2,DLIN2_f,10773529,14052446,1762,8806,1659,5,3
2946,IN,DLIN,DLIN2,DLIN2_f,3864063,4393156,2887,3140,1839,5,3
3134,IN,DLIN,DLIN2,DLIN2_f,15690098,15690098,7193,13956,3357,6,2
3239,IN,DLIN,DLIN2,DLIN2_f,7108270,263980968,2755,7973,3102,5.5,3
3438,IN,DLIN,DLIN2,DLIN2_f,13161956,134760890,4277,6983,1749,5,2
3470,IN,DLIN,DLIN2,DLIN2_f,3863996,182603728,4991,8642,3268,5,2
3486,IN,DLIN,DLIN2,DLIN2_f,17402032,223690556,6899,9996,2923,5,3
3631,IN,DLIN,DLIN2,DLIN2_f,12938488,101377951,5722,13430,3322,5,2
658,IN,DLIN,DLIN2,DLIN2_s,9941036,11008538,9776,9556,540,5,1
1814,IN,DLIN,DLIN2,DLIN2_s,4918615,173611039,7042,3580,2193,5,1
2011,IN,DLIN,DLIN2,DLIN2_s,15680503,85687198,2159,1059,1208,5,3
2310,IN,DLIN,DLIN2,DLIN2_s,1978877,98321925,10361,10108,1868,5.5,2
2366,IN,DLIN,DLIN2,DLIN2_s,13595346,180635725,8425,9418,2110,5,2
2485,IN,DLIN,DLIN2,DLIN2_s,20198093,268852807,3736,11980,3198,5,3
2507,IN,DLIN,DLIN2,DLIN2_s,12728784,178352063,3312,7640,1981,5,2
111,IN,DLIN,DLIN3,DLIN3,4416460,130965617,3739,3161,1634,4.5,2
198,IN,DLIN,DLIN3,DLIN3,1978889,92866226,9082,6894,1517,5,2
224,IN,DLIN,DLIN3,DLIN3,8291079,141283281,6545,11534,1973,5,2
555,IN,DLIN,DLIN3,DLIN3,7203169,8279468,7328,10739,86,5,2
889,IN,DLIN,DLIN3,DLIN3,15269400,104668200,7155,16803,1323,4.5,2
892,IN,DLIN,DLIN3,DLIN3,13794505,104128858,7529,16405,1106,4.5,2
894,IN,DLIN,DLIN3,DLIN3,15925417,60479179,6615,15589,984,4.5,2
944,IN,DLIN,DLIN3,DLIN3,24626048,105920316,14163,17788,1140,4,3
979,IN,DLIN,DLIN3,DLIN3,12225652,103135127,10273,15353,1523,4.5,1
1046,IN,DLIN,DLIN3,DLIN3,13746437,61672607,10716,16528,1018,4.5,1
1084,IN,DLIN,DLIN3,DLIN3,16346216,184008968,10299,13346,2919,4.5,1
1111,IN,DLIN,DLIN3,DLIN3,11685606,188246197,11033,15418,2034,4.5,1
1117,IN,DLIN,DLIN3,DLIN3,104188966,228126754,11994,13244,2423,4.5,2
1267,IN,DLIN,DLIN3,DLIN3,75279666,194804883,9492,18428,3639,4.5,3
1462,IN,DLIN,DLIN3,DLIN3,32213207,232085764,14835,14409,3615,4,2
1496,IN,DLIN,DLIN3,DLIN3,35446797,269225703,18586,9654,3643,4,2
1591,IN,DLIN,DLIN3,DLIN3,936946,10984241,8839,9860,354,5,2
1660,IN,DLIN,DLIN3,DLIN3,761794,2940440,9950,3094,430,4,3
1661,IN,DLIN,DLIN3,DLIN3,796217,2893052,8129,2832,329,4.5,3
1774,IN,DLIN,DLIN3,DLIN3,2435552,7811639,10872,6772,602,4.5,2
2035,IN,DLIN,DLIN3,DLIN3,7083969,137512323,7109,9120,1894,5,2
2180,IN,DLIN,DLIN3,DLIN3,75687533,226945741,7149,12783,3055,4.5,1
2224,IN,DLIN,DLIN3,DLIN3,47435423,173997127,1540,2846,2731,4.5,3
2254,IN,DLIN,DLIN3,DLIN3,2810928,131470705,2235,3309,1963,4.5,3
2441,IN,DLIN,DLIN3,DLIN3,20386901,183200126,3364,11569,2097,4,2
2519,IN,DLIN,DLIN3,DLIN3,8688116,138003526,3118,10292,1754,4.5,3
2693,IN,DLIN,DLIN3,DLIN3,18080122,183962437,11749,12205,2343,5,2
2711,IN,DLIN,DLIN3,DLIN3,16628524,186594888,8930,13898,2742,4.5,2
2748,IN,DLIN,DLIN3,DLIN3,25690634,229836568,15398,14627,2578,4,2
2883,IN,DLIN,DLIN3,DLIN3,14181714,103486660,3440,15881,1495,4.5,2
2884,IN,DLIN,DLIN3,DLIN3,15643719,58171936,2508,13927,1347,4.5,3
3077,IN,DLIN,DLIN3,DLIN3,7915346,180859956,16436,7258,2876,4,2
3278,IN,DLIN,DLIN3,DLIN3,7144584,219849756,5234,5506,2891,5,1
3333,IN,DLIN,DLIN3,DLIN3,17049962,99493297,15274,12285,1513,4,3
3469,IN,DLIN,DLIN3,DLIN3,27588492,265656042,5142,9302,3163,4.5,3
3563,IN,DLIN,DLIN3,DLIN3,11382137,178482154,8217,7199,2248,4.5,1
3635,IN,DLIN,DLIN3,DLIN3,11123622,101436659,7300,14429,1139,4.5,2
3670,IN,DLIN,DLIN3,DLIN3,71860165,271568235,4551,14295,3175,4,2
362,IN,GLIN,GLIN1,GLIN1,21826294,110253015,14881,21345,1236,4,0
480,IN,GLIN,GLIN1,GLIN1,240187578,284320381,18618,24494,3211,4,1
481,IN,GLIN,GLIN1,GLIN1,241206534,283793611,18924,24169,3287,3.5,0
482,IN,GLIN,GLIN1,GLIN1,242811550,283254636,18839,23438,3260,3.5,0
483,IN,GLIN,GLIN1,GLIN1,201349213,283769073,18334,24183,3043,3.5,0
484,IN,GLIN,GLIN1,GLIN1,155052264,285421958,19363,25455,3268,4,0
613,IN,GLIN,GLIN1,GLIN1,111402255,153927135,17040,22366,1535,4,0
615,IN,GLIN,GLIN1,GLIN1,68276576,110851257,16890,21858,1443,4,0
616,IN,GLIN,GLIN1,GLIN1,26335524,110313355,17475,21377,1423,4,2
617,IN,GLIN,GLIN1,GLIN1,30070662,110862506,17630,21786,1308,4,0
620,IN,GLIN,GLIN1,GLIN1,29356328,156059933,15768,24012,1838,3.5,0
621,IN,GLIN,GLIN1,GLIN1,70946633,156047025,15481,23845,1710,4,0
622,IN,GLIN,GLIN1,GLIN1,29520255,156059145,15687,24242,1649,3.5,0
625,IN,GLIN,GLIN1,GLIN1,25642800,153306576,13641,21667,1656,3.5,1
758,IN,GLIN,GLIN1,GLIN1,18992524,63230524,8420,17815,833,4,0
759,IN,GLIN,GLIN1,GLIN1,21216755,63768965,8581,18372,830,3.5,0
760,IN,GLIN,GLIN1,GLIN1,21194671,63758181,7987,18447,816,3.5,0
761,IN,GLIN,GLIN1,GLIN1,21194615,63745120,7496,18309,759,3.5,0
851,IN,GLIN,GLIN1,GLIN1,20117874,147114012,3276,16524,1919,4.5,0
887,IN,GLIN,GLIN1,GLIN1,17950416,104084697,5199,16101,1551,4,0
897,IN,GLIN,GLIN1,GLIN1,21652081,64272897,7573,18722,951,4,0
911,IN,GLIN,GLIN1,GLIN1,18128164,18654292,13789,15691,506,4,0
1001,IN,GLIN,GLIN1,GLIN1,107760234,108299172,893,20906,1746,4,1
1004,IN,GLIN,GLIN1,GLIN1,71298651,153670661,6698,20433,2599,3.5,0
1005,IN,GLIN,GLIN1,GLIN1,65361546,237179412,7646,20650,2666,4,0
1017,IN,GLIN,GLIN1,GLIN1,62152950,277598190,8909,19064,2973,4,0
1024,IN,GLIN,GLIN1,GLIN1,21194599,105792583,8845,17982,1130,3.5,2
1030,IN,GLIN,GLIN1,GLIN1,22202100,236594181,6025,20456,2761,3.5,0
1031,IN,GLIN,GLIN1,GLIN1,27083737,237167519,7294,21088,2512,4.5,0
1032,IN,GLIN,GLIN1,GLIN1,25432239,237154856,6815,20983,2504,4,0
1033,IN,GLIN,GLIN1,GLIN1,26626482,194630749,7496,21146,2359,4,0
1053,IN,GLIN,GLIN1,GLIN1,30515561,112396353,15556,24018,1457,4,0
1154,IN,GLIN,GLIN1,GLIN1,156820597,198785042,2117,24606,2066,4,1
1156,IN,GLIN,GLIN1,GLIN1,70607766,198247021,2067,23969,2183,3.5,0
1157,IN,GLIN,GLIN1,GLIN1,24261547,198248339,1735,24290,2215,3.5,0
1160,IN,GLIN,GLIN1,GLIN1,23218989,284459055,3228,24730,2969,4,0
1161,IN,GLIN,GLIN1,GLIN1,155742112,283932771,3631,24690,3025,3.5,0
1164,IN,GLIN,GLIN1,GLIN1,108813166,153576486,3452,23094,1703,4,0
1178,IN,GLIN,GLIN1,GLIN1,106834949,148751681,4173,18162,1571,4,0
1349,IN,GLIN,GLIN1,GLIN1,26965923,242472685,4189,25401,2810,4.5,0
1350,IN,GLIN,GLIN1,GLIN1,241382998,243010696,3972,25866,2737,3.5,0
1351,IN,GLIN,GLIN1,GLIN1,199910633,243548889,4125,26204,2580,3.5,0
1352,IN,GLIN,GLIN1,GLIN1,34099632,201009157,4528,26335,2087,3.5,0
1353,IN,GLIN,GLIN1,GLIN1,31335314,158448414,4087,26187,1966,3.5,1
1355,IN,GLIN,GLIN1,GLIN1,153588029,156317467,4782,24409,1920,4,0
1362,IN,GLIN,GLIN1,GLIN1,113238730,198810550,2406,23950,2474,3.5,0
1364,IN,GLIN,GLIN1,GLIN1,151889378,194467192,1351,21092,2317,3.5,0
1365,IN,GLIN,GLIN1,GLIN1,151889412,194467071,1565,20689,2355,4,0
1366,IN,GLIN,GLIN1,GLIN1,153518808,193914727,973,20598,2242,3.5,1
1385,IN,GLIN,GLIN1,GLIN1,109961246,279671786,5686,20792,3140,3.5,0
1422,IN,GLIN,GLIN1,GLIN1,111799393,281520922,14709,22433,3071,4.5,0
1518,IN,GLIN,GLIN1,GLIN1,23816180,149432219,9810,18613,1894,4,0
1522,IN,GLIN,GLIN1,GLIN1,22248649,191466642,10590,18329,2055,4,0
1523,IN,GLIN,GLIN1,GLIN1,64845776,191992943,10189,18525,1990,4,0
1526,IN,GLIN,GLIN1,GLIN1,26181337,109141224,13360,20698,1333,3.5,0
1527,IN,GLIN,GLIN1,GLIN1,26229862,110218350,13793,21231,1277,3.5,0
1528,IN,GLIN,GLIN1,GLIN1,24613989,109703075,14298,21067,1199,4,0
1534,IN,GLIN,GLIN1,GLIN1,25678580,110254243,14858,21604,1361,4,0
1535,IN,GLIN,GLIN1,GLIN1,24004865,110781326,14350,21742,1338,3.5,0
1537,IN,GLIN,GLIN1,GLIN1,24063315,110219026,13465,21150,1471,4,0
1637,IN,GLIN,GLIN1,GLIN1,4803383,46240821,18214,3148,1084,3.5,2
1644,IN,GLIN,GLIN1,GLIN1,46275122,46275122,18515,3709,750,3.5,1
2570,IN,GLIN,GLIN1,GLIN1,4252673,5329284,18989,4461,352,3.5,1
3375,IN,GLIN,GLIN1,GLIN1,193268963,193269198,17648,19444,2050,4,1
3375,IN,GLIN,GLIN1,GLIN1,109785541,193269198,17645,19440,2059,4,1
3391,IN,GLIN,GLIN1,GLIN1,157371135,242460791,3589,25542,2812,3.5,0
3392,IN,GLIN,GLIN1,GLIN1,28054780,198810650,3143,25250,2813,3.5,0
3393,IN,GLIN,GLIN1,GLIN1,24296705,284470686,3666,25143,2937,3.5,0
3679,IN,GLIN,GLIN1,GLIN1,26885492,26885550,19226,22679,580,4,3
3684,IN,GLIN,GLIN1,GLIN1,284309075,327444829,19976,24811,3700,3.5,3
334,IN,GLIN,GLIN2,GLIN2,29918134,156865997,5659,25004,1611,5,2
336,IN,GLIN,GLIN2,GLIN2,34706976,118719691,9290,28526,1470,4.5,1
337,IN,GLIN,GLIN2,GLIN2,34169091,118742684,9895,28810,1267,4.5,1
338,IN,GLIN,GLIN2,GLIN2,35888954,119280578,9710,29300,1142,4.5,1
342,IN,GLIN,GLIN2,GLIN2,67388211,78335938,9691,30384,859,5,2
346,IN,GLIN,GLIN2,GLIN2,17891569,77234503,8876,29397,780,5.5,3
354,IN,GLIN,GLIN2,GLIN2,79564803,80091772,15161,31635,814,5,2
418,IN,GLIN,GLIN2,GLIN2,32949213,35257821,9817,29672,323,5,2
778,IN,GLIN,GLIN2,GLIN2,19461426,22647944,1441,19719,656,5,2
779,IN,GLIN,GLIN2,GLIN2,18945284,21558362,1068,18774,543,4.5,3
950,IN,GLIN,GLIN2,GLIN2,19097457,65922262,8494,20147,685,5.5,2
1041,IN,GLIN,GLIN2,GLIN2,21650343,106880536,9485,18484,1207,5,1
1177,IN,GLIN,GLIN2,GLIN2,21019521,109071072,14238,20738,2100,5,2
1309,IN,GLIN,GLIN2,GLIN2,120874225,333111582,10086,29758,3579,4.5,2
1310,IN,GLIN,GLIN2,GLIN2,76814890,290584215,10950,29856,3118,4,1
1315,IN,GLIN,GLIN2,GLIN2,19706520,244966561,17560,27054,2733,5,2
1333,IN,GLIN,GLIN2,GLIN2,201806858,324365601,4786,23073,3547,5.5,2
1339,IN,GLIN,GLIN2,GLIN2,76579050,202064643,2645,26627,2707,4.5,2
1343,IN,GLIN,GLIN2,GLIN2,21089115,244051382,2807,26874,2450,4.5,1
1359,IN,GLIN,GLIN2,GLIN2,20666457,113310057,8260,24991,1688,5,2
1380,IN,GLIN,GLIN2,GLIN2,197861714,280126954,2500,21553,2925,5,3
1416,IN,GLIN,GLIN2,GLIN2,28852793,280844524,9148,21859,3313,5,1
1481,IN,GLIN,GLIN2,GLIN2,247916940,294752837,5394,33627,2982,5,2
1495,IN,GLIN,GLIN2,GLIN2,29566577,325793000,18925,23534,3539,4.5,2
1511,IN,GLIN,GLIN2,GLIN2,19109133,190998054,13253,17969,2106,5,3
1515,IN,GLIN,GLIN2,GLIN2,17108161,150018120,11311,19223,1872,5.5,2
1548,IN,GLIN,GLIN2,GLIN2,29284732,115500170,9591,25899,1470,5,2
2891,IN,GLIN,GLIN2,GLIN2,23197477,156268682,3344,24522,1560,5,3
3341,IN,GLIN,GLIN2,GLIN2,25632858,241147523,15424,24298,2447,4.5,1
3374,IN,GLIN,GLIN2,GLIN2,28829870,149643181,17731,18273,1981,5,2
414,IN,GLIN,GLIN3,GLIN3,116084142,201292471,15479,26566,2291,4.5,0
771,IN,GLIN,GLIN3,GLIN3,19472413,19472604,3418,17244,160,4.5,2
928,IN,GLIN,GLIN3,GLIN3,26240085,60759674,17062,15737,910,4.5,2
943,IN,GLIN,GLIN3,GLIN3,19133207,105395189,14669,17505,1324,4.5,3
980,IN,GLIN,GLIN3,GLIN3,17996762,103122992,10000,15446,1388,4.5,3
987,IN,GLIN,GLIN3,GLIN3,19603257,148284487,6214,18637,1864,4.5,1
1008,IN,GLIN,GLIN3,GLIN3,18160702,233994413,9552,18347,2806,5,1
1026,IN,GLIN,GLIN3,GLIN3,31871970,323803338,4365,22338,3624,4,1
1048,IN,GLIN,GLIN3,GLIN3,20035629,20035821,4429,18031,470,4,3
1062,IN,GLIN,GLIN3,GLIN3,156130497,283147561,14867,23674,2929,4,2
1132,IN,GLIN,GLIN3,GLIN3,19296742,146421337,18291,15839,1606,4.5,3
1133,IN,GLIN,GLIN3,GLIN3,19310304,19310304,16808,16055,1818,4,2
1330,IN,GLIN,GLIN3,GLIN3,22213856,364876882,9803,20934,3836,4.5,3
1346,IN,GLIN,GLIN3,GLIN3,118814005,285922068,4351,25295,2999,4,1
1371,IN,GLIN,GLIN3,GLIN3,29824385,237554254,1646,21342,2723,5,1
2868,IN,GLIN,GLIN3,GLIN3,20153787,101437908,6989,14468,1342,4,1
3342,IN,GLIN,GLIN3,GLIN3,241194465,241721325,16734,24565,2545,4.5,1
3422,IN,GLIN,GLIN3,GLIN3,157463956,197286970,6442,23216,2276,4.5,1
333,IN,GLIN,GLIN4,GLIN4,67902276,159537041,4837,27137,1702,4,0
339,IN,GLIN,GLIN4,GLIN4,33628741,118753923,10501,28620,1156,4.5,0
355,IN,GLIN,GLIN4,GLIN4,76872766,161961086,14887,29288,1786,4.5,0
449,IN,GLIN,GLIN4,GLIN4,29367780,74014002,8921,26705,894,4.5,0
756,IN,GLIN,GLIN4,GLIN4,20469138,21626571,3873,18520,32,4.5,3
1035,IN,GLIN,GLIN4,GLIN4,66953349,195201861,9064,21518,2204,4,0
1036,IN,GLIN,GLIN4,GLIN4,19132582,197883019,8878,23466,2056,4,0
1037,IN,GLIN,GLIN4,GLIN4,147580775,154760190,7549,23048,1894,4,0
1043,IN,GLIN,GLIN4,GLIN4,16416028,104749898,10336,17077,1189,4.5,0
1162,IN,GLIN,GLIN4,GLIN4,34098697,328110413,4025,25691,3429,4.5,0
1312,IN,GLIN,GLIN4,GLIN4,73276740,286777293,9548,26787,2890,4.5,0
1393,IN,GLIN,GLIN4,GLIN4,65712140,322782515,6293,21407,3368,4,1
1520,IN,GLIN,GLIN4,GLIN4,20572791,192532052,9964,19255,1997,3.5,1
1539,IN,GLIN,GLIN4,GLIN4,32575248,121952654,9222,31423,1445,4.5,0
3337,IN,GLIN,GLIN4,GLIN4,109387449,333110394,10188,29846,3363,4,1
3389,IN,GLIN,GLIN4,GLIN4,164983007,201561688,4888,26671,2200,4.5,1
305,PN,MC,MC,MC_intermediate,31966991,79215325,2127,31136,1016,,3
317,PN,MC,MC,MC_intermediate,33499464,78780219,6210,30773,767,,3
332,PN,MC,MC,MC_intermediate,25891021,160589449,3622,28291,1593,6,1
353,PN,MC,MC,MC_intermediate,35879258,77912953,14034,29857,761,,1
366,PN,MC,MC,MC_intermediate,120900033,295516713,13878,33589,3364,,2
380,PN,MC,MC,MC_intermediate,7498861,295305774,5927,33887,3264,,2
410,PN,MC,MC,MC_intermediate,76801608,205132731,17964,29660,2386,,1
611,PN,MC,MC,MC_intermediate,25726111,112443723,16611,23274,1487,,3
1299,PN,MC,MC,MC_intermediate,25878473,160041044,3166,27536,1947,6.5,1
1342,PN,MC,MC,MC_intermediate,25902620,241324628,1425,24943,2617,,2
1354,PN,MC,MC,MC_intermediate,22142192,197800960,5738,23857,2040,6,1
1383,PN,MC,MC,MC_intermediate,29367748,280748380,5635,22035,3070,7,0
1550,PN,MC,MC,MC_intermediate,24778384,,7708,22702,2308,,3
3351,PN,MC,MC,MC_intermediate,28863985,,9711,22432,2883,6,1
3678,PN,MC,MC,MC_intermediate,22623491,64095769,547,18890,745,,2
319,PN,MC,MC,MC_large,31979647,79317356,6164,31364,639,,3
328,PN,MC,MC,MC_large,25866916,121238140,2313,30876,1455,7.5,1
348,PN,MC,MC,MC_large,36372332,78381975,11346,30720,665,6,1
404,PN,MC,MC,MC_large,77341526,252930988,12684,33683,2938,7,1
434,PN,MC,MC,MC_large,33535887,36169125,3807,30634,39,,3
631,PN,MC,MC,MC_large,19249636,108100542,14810,19621,1564,,3
750,PN,MC,MC,MC_large,25914035,117594457,7337,27853,1177,8,1
904,PN,MC,MC,MC_large,19812446,64354252,10590,18517,816,,3
1311,PN,MC,MC,MC_large,26966331,246454300,12536,28696,2887,8,1
1321,PN,MC,MC,MC_large,29297208,114482228,13711,24536,3789,,3
1337,PN,MC,MC,MC_large,73358033,286636777,4224,26894,2914,7.5,0
1356,PN,MC,MC,MC_large,110524413,196103134,2474,22682,2264,,3
1369,PN,MC,MC,MC_large,28805197,238642379,2065,22142,2447,,3
1477,PN,MC,MC,MC_large,77223961,247297424,5756,33350,2566,7,1
1479,PN,MC,MC,MC_large,121906717,251699231,6937,33159,2692,6.5,1
1549,PN,MC,MC,MC_large,28841484,239309718,7270,22981,2566,12,2
1554,PN,MC,MC,MC_large,22235823,107889621,7024,19161,1583,9,3
3354,PN,MC,MC,MC_large,20525968,283020287,10384,23895,3023,9,1
349,PN,MC,MC,MC_small,36485896,77889589,13151,30053,772,,0
389,PN,MC,MC,MC_small,77165363,119130874,5857,31972,2187,,0
390,PN,MC,MC,MC_small,120336476,209100050,5315,33041,2280,,2
392,PN,MC,MC,MC_small,76661427,209170322,7966,33340,2223,,0
454,PN,MC,MC,MC_small,203247855,337854729,6163,33903,3635,,3
475,PN,MC,MC,MC_small,71040240,330615481,17702,27685,3357,,3
637,PN,MC,MC,MC_small,18701013,18701013,15672,15999,509,,3
749,PN,MC,MC,MC_small,29286585,118169087,8769,28401,1188,,1
800,PN,MC,MC,MC_small,22212088,65805782,4130,19870,833,,2
986,PN,MC,MC,MC_small,21685168,22247227,6867,20237,1794,4.5,1
1165,PN,MC,MC,MC_small,73979550,240411984,7720,23853,2729,5,0
1314,PN,MC,MC,MC_small,74097993,200096457,11127,25332,2160,5.5,0
1341,PN,MC,MC,MC_small,118591804,203165404,4108,27061,2670,5,0
1360,PN,MC,MC,MC_small,28781610,155309564,7625,23895,1711,5.5,1
1377,PN,MC,MC,MC_small,21065232,238081131,902,21959,2859,6,0
1379,PN,MC,MC,MC_small,28302541,281168582,1311,22273,3039,,3
1480,PN,MC,MC,MC_small,205271622,248958837,6187,33704,2883,,1
1482,PN,MC,MC,MC_small,78793040,205869667,7049,33990,3090,,1
1543,PN,MC,MC,MC_small,119211952,165518986,6824,32242,1573,,0
2892,PN,MC,MC,MC_small,21019007,111588980,3899,22567,1545,6.5,0
3348,PN,MC,MC,MC_small,29391067,,13017,22262,2496,6,1
909,IN,PLIN,PLIN1,PLIN1,15338904,17530088,12003,15180,565,4,1
1113,IN,PLIN,PLIN1,PLIN1,17518137,187720520,11292,15224,2197,4.5,0
1368,IN,PLIN,PLIN1,PLIN1,109339981,237541806,1100,21398,2596,4,1
1786,IN,PLIN,PLIN1,PLIN1,8830234,91788764,9422,6191,1356,4.5,1
2776,IN,PLIN,PLIN1,PLIN1,60478861,187862133,17079,15093,2360,4.5,1
2871,IN,PLIN,PLIN1,PLIN1,16874731,144501273,6572,14590,1536,3.5,2
886,IN,PLIN,PLIN2,PLIN2,69822600,104634650,5773,16868,1686,3.5,3
1104,IN,PLIN,PLIN2,PLIN2,23372592,186082001,9912,13270,2518,4,1
1198,IN,PLIN,PLIN2,PLIN2,29203958,233266990,2288,17766,2416,4,2
1266,IN,PLIN,PLIN2,PLIN2,278336160,278688509,8025,20820,3190,4,3
1329,IN,PLIN,PLIN2,PLIN2,29309195,323417820,10104,21596,3748,4,2
1334,IN,PLIN,PLIN2,PLIN2,30504000,325967999,4632,24203,3515,4.5,1
1443,IN,PLIN,PLIN2,PLIN2,27365652,318625823,12430,17599,3341,3.5,3
1513,IN,PLIN,PLIN2,PLIN2,62341066,148436641,12782,17515,1949,4,3
2479,IN,PLIN,PLIN2,PLIN2,28326066,229825000,14776,14809,2505,4.5,1
2709,IN,PLIN,PLIN2,PLIN2,146118555,228034344,8060,13323,2665,4,1
2890,IN,PLIN,PLIN2,PLIN2,28712590,105676027,4686,17714,1484,4,1
487,IN,PLIN,PLIN3,PLIN3_rl,116507649,281616223,18367,22367,3114,4.5,1
946,IN,PLIN,PLIN3,PLIN3_rl,35950858,106940162,11741,18820,1322,5,1
952,IN,PLIN,PLIN3,PLIN3_rl,18384691,60970015,4772,15817,750,4,2
1121,IN,PLIN,PLIN3,PLIN3_rl,18746388,143647610,14954,13768,1877,5,2
2789,IN,PLIN,PLIN3,PLIN3_rl,24916849,269718003,16313,12593,3034,4.5,2
3359,IN,PLIN,PLIN3,PLIN3_rl,27890895,237368303,14999,20841,2881,4.5,3
3360,IN,PLIN,PLIN3,PLIN3_rl,30033655,237379089,15581,20724,2740,4.5,3
3362,IN,PLIN,PLIN3,PLIN3_rl,23595150,234732565,17532,18539,2755,5,1
3367,IN,PLIN,PLIN3,PLIN3_rl,28430905,197065022,16493,19732,2438,4.5,3
3377,IN,PLIN,PLIN3,PLIN3_rl,27610726,149091707,17492,18007,1714,5,2
893,IN,PLIN,PLIN3,PLIN3_v,20527476,61556411,6690,16318,945,5,2
1153,IN,PLIN,PLIN3,PLIN3_v,34871862,195072599,4029,21274,2048,4.5,1
1257,IN,PLIN,PLIN3,PLIN3_v,12189572,265257242,10614,8961,2998,5,3
1392,IN,PLIN,PLIN3,PLIN3_v,21685366,321670973,5066,20401,3443,4.5,1
1414,IN,PLIN,PLIN3,PLIN3_v,23372810,321260822,9760,20254,3425,5,2
1426,IN,PLIN,PLIN3,PLIN3_v,20713291,279284819,11635,20306,3071,4,2
1457,IN,PLIN,PLIN3,PLIN3_v,24380150,319715061,12970,18599,3490,4.5,2
1504,IN,PLIN,PLIN3,PLIN3_v,19870261,318732359,16245,17802,3549,5,3
1516,IN,PLIN,PLIN3,PLIN3_v,116003454,149457070,10707,18840,1867,4.5,2
194,IN,PLIN,PLIN4,PLIN4_a,1476724,138107971,8988,9334,1543,4,2
1038,IN,PLIN,PLIN4,PLIN4_a,26007865,108965354,6801,20476,1248,4.5,3
1112,IN,PLIN,PLIN4,PLIN4_a,13523913,187719841,11677,15136,2074,5,2
1199,IN,PLIN,PLIN4,PLIN4_a,146598519,189687664,2398,17698,2579,5,1
1207,IN,PLIN,PLIN4,PLIN4_a,19612624,192029349,11341,18715,2200,4.5,1
1517,IN,PLIN,PLIN4,PLIN4_a,14320135,148917084,10668,18228,1840,4.5,1
1555,IN,PLIN,PLIN4,PLIN4_a,14577719,105136891,4510,18393,1719,5,1
1938,IN,PLIN,PLIN4,PLIN4_a,1499619,140473385,17276,11070,1609,4,2
2957,IN,PLIN,PLIN4,PLIN4_a,3138163,221852405,18599,8141,2769,4.5,2
391,IN,PLIN,PLIN4,PLIN4_b,26523399,209136131,6717,33085,2345,5,3
1016,IN,PLIN,PLIN4,PLIN4_b,27377695,276531827,9040,18050,2934,4,2
1158,IN,PLIN,PLIN4,PLIN4_b,23207551,241898240,1630,23983,2695,4,2
1166,IN,PLIN,PLIN4,PLIN4_b,20292674,324938506,6612,22964,3717,4.5,2
1340,IN,PLIN,PLIN4,PLIN4_b,22703772,241898240,2138,26064,2780,4.5,1
1446,IN,PLIN,PLIN4,PLIN4_b,23582098,319129875,11306,18055,3609,5,2
1450,IN,PLIN,PLIN4,PLIN4_b,20257526,360567465,9471,17285,3806,4.5,3
1459,IN,PLIN,PLIN4,PLIN4_b,15316846,316495486,13351,15876,3502,4.5,2
1491,IN,PLIN,PLIN4,PLIN4_b,205003235,241722315,16919,24636,2781,,2
3346,IN,PLIN,PLIN4,PLIN4_b,27025567,237389384,15773,21045,2569,4.5,1
347,IN,PLIN,PLIN4,PLIN4_c,31452556,76731171,9847,28919,823,4,2
582,IN,PLIN,PLIN4,PLIN4_c,1499506,7821865,11429,7045,160,5,2
609,IN,PLIN,PLIN4,PLIN4_c,13419127,69962052,18945,23199,728,4.5,3
991,IN,PLIN,PLIN4,PLIN4_c,26135523,108885754,4974,20953,1601,4.5,1
998,IN,PLIN,PLIN4,PLIN4_c,18921819,102338314,1963,18108,1908,5,1
1027,IN,PLIN,PLIN4,PLIN4_c,22928094,324387896,5904,22698,3575,4.5,2
1054,IN,PLIN,PLIN4,PLIN4_c,17553686,104772697,11024,17054,1099,,2
1428,IN,PLIN,PLIN4,PLIN4_c,21884173,277117325,10917,18781,2868,4.5,2
829,IN,PLIN,PLIN4,PLIN4_d,11873494,57117211,3463,12661,1733,4,2
1176,IN,PLIN,PLIN4,PLIN4_d,27424515,195354759,15300,21227,2178,4.5,3
1449,IN,PLIN,PLIN4,PLIN4_d,21685156,362230079,11383,18758,3807,5,3
2817,IN,PLIN,PLIN4,PLIN4_d,17118737,277248609,16150,18534,3175,4.5,2
3368,IN,PLIN,PLIN4,PLIN4_d,19835114,191642633,17550,18293,2485,4.5,2
3683,IN,PLIN,PLIN4,PLIN4_d,30349746,367510687,7251,23087,3838,4,3
473,PN,RC,RC,RC,163565495,239111390,18270,28604,3139,,1
478,PN,RC,RC,RC,116812061,284330735,18691,24856,2976,6,1
993,PN,RC,RC,RC,21697659,106214944,4877,18439,1408,6,1
1296,PN,RC,RC,RC,152441637,243022738,4741,26140,2691,7.5,1
1298,PN,RC,RC,RC,15502800,159011779,5033,26956,1951,8,0
1336,PN,RC,RC,RC,202171202,286089127,3867,26376,3222,,2
1338,PN,RC,RC,RC,28010013,155158223,2126,23808,1884,,1
1418,PN,RC,RC,RC,114492984,324517712,11114,23184,3445,8,2
1551,PN,RC,RC,RC,28793712,195143991,7084,21510,2247,8,1
1552,PN,RC,RC,RC,25550757,152641035,8782,21300,1901,7,1
1553,PN,RC,RC,RC,25058443,149982354,10009,19132,1726,7.5,1
629,IN,unclassified,unclassified,unclassified,26767947,152301431,15533,21664,1828,4,3
722,IN,unclassified,unclassified,unclassified,21052853,21052855,2290,18374,114,,3
840,IN,unclassified,unclassified,unclassified,75666030,142312666,5081,12668,1883,,3
880,IN,unclassified,unclassified,unclassified,15095953,141117683,406,11839,1778,,3
905,IN,unclassified,unclassified,unclassified,19672264,63242171,9062,18084,764,4.5,3
941,IN,unclassified,unclassified,unclassified,18114546,145730388,12432,15470,1516,,3
1151,IN,unclassified,unclassified,unclassified,21661967,110488445,3430,22733,1898,,2
1357,IN,unclassified,unclassified,unclassified,28723075,196677791,3562,22993,2129,,2
1374,IN,unclassified,unclassified,unclassified,233842926,279588849,2255,20963,3074,4,2
1376,IN,unclassified,unclassified,unclassified,72820327,281216473,2765,22310,3046,,3
1458,IN,unclassified,unclassified,unclassified,164022632,318123220,13347,17390,3495,,3
